tmp_code	GO_terms
tmp_000003	['GO:0016787', 'GO:0015668', 'GO:0003677', 'GO:0005524']
tmp_000005	['GO:0003676', 'GO:0008170', 'GO:0003677', 'GO:0005737', 'GO:0032259', 'GO:0008168']
tmp_000006	['GO:0003676', 'GO:0003678', 'GO:0006281', 'GO:0005524']
tmp_000009	['GO:0006281', 'GO:0008311', 'GO:0006284', 'GO:0004519', 'GO:0003906', 'GO:0003677', 'GO:0004518', 'GO:0003824', 'GO:0008081']
tmp_000012	['GO:0006260', 'GO:0016887', 'GO:0005886', 'GO:0003677', 'GO:0005524', 'GO:0006275', 'GO:0043565', 'GO:0003688', 'GO:0006270']
tmp_000013	['GO:0009116', 'GO:0003824']
tmp_000015	['GO:0006047', 'GO:0005829', 'GO:1901137', 'GO:0006487', 'GO:1901135', 'GO:0006002', 'GO:0097367', 'GO:0004360']
tmp_000016	['GO:0006231', 'GO:0050660', 'GO:0050797', 'GO:0070402', 'GO:0004799']
tmp_000019	['GO:0003676', 'GO:0008170', 'GO:0009307', 'GO:0003677', 'GO:0009007', 'GO:0032259', 'GO:0008168']
tmp_000022	['GO:0009279', 'GO:0006826']
tmp_000023	['GO:0006525', 'GO:0019547', 'GO:0046872', 'GO:0030145', 'GO:0005737', 'GO:0004053']
tmp_000024	['GO:0006524', 'GO:0042853', 'GO:0000286', 'GO:0005886']
tmp_000027	['GO:0019674', 'GO:0006741', 'GO:0003951']
tmp_000028	['GO:0009314', 'GO:0016887', 'GO:0006281', 'GO:0005524', 'GO:0006310', 'GO:0009432']
tmp_000034	['GO:0003676', 'GO:0006260', 'GO:0008408', 'GO:0005829', 'GO:0045004', 'GO:0003887', 'GO:0003677']
tmp_000035	['GO:0005829', 'GO:0005975', 'GO:0006098', 'GO:0044262', 'GO:0016857', 'GO:0004750', 'GO:0046872', 'GO:0009052']
tmp_000036	['GO:0006094', 'GO:0042132', 'GO:0005829', 'GO:0005975', 'GO:0005986', 'GO:0030388', 'GO:0006000', 'GO:0005737', 'GO:0016791', 'GO:0006002']
tmp_000041	['GO:0003746', 'GO:0005515', 'GO:0006414']
tmp_000042	['GO:0022627', 'GO:0005840', 'GO:0006412', 'GO:0015935', 'GO:0003735']
tmp_000043	['GO:0000725', 'GO:0043138', 'GO:0005829', 'GO:0016787', 'GO:0003678', 'GO:0003677', 'GO:0005524']
tmp_000044	['GO:0006814', 'GO:0015385', 'GO:0005887', 'GO:0006885', 'GO:0016020']
tmp_000045	['GO:0005887']
tmp_000046	['GO:0006886', 'GO:0015031', 'GO:0015450', 'GO:0005887', 'GO:0016020', 'GO:0055085', 'GO:0022857']
tmp_000047	['GO:0006886', 'GO:0015031', 'GO:0015450', 'GO:0005887']
tmp_000049	['GO:0006429', 'GO:0005829', 'GO:0002161', 'GO:0006418', 'GO:0005524', 'GO:0004823', 'GO:0000166', 'GO:0004812']
tmp_000050	['GO:0043165', 'GO:0019867']
tmp_000051	['GO:0009396', 'GO:0008841', 'GO:0016881', 'GO:0004326', 'GO:0005524', 'GO:0009058', 'GO:0005737']
tmp_000052	['GO:0000920', 'GO:0004222']
tmp_000053	['GO:0000920', 'GO:0004222']
tmp_000055	['GO:0043138', 'GO:0003676', 'GO:0006281', 'GO:0006302', 'GO:0006310', 'GO:0005524', 'GO:0003684', 'GO:0006270', 'GO:0006268']
tmp_000056	['GO:0016020', 'GO:0051537', 'GO:0016491']
tmp_000057	['GO:0031224', 'GO:0009055', 'GO:0022904', 'GO:0016491', 'GO:0016020']
tmp_000058	['GO:0009055', 'GO:0020037']
tmp_000061	['GO:0008658', 'GO:0071555', 'GO:0005887']
tmp_000063	['GO:0071973', 'GO:0009288', 'GO:0005198', 'GO:0003774']
tmp_000064	['GO:0071973', 'GO:0030694', 'GO:0071978']
tmp_000065	['GO:0071973', 'GO:0030694', 'GO:0071978']
tmp_000066	['GO:0008360', 'GO:0032153', 'GO:0051301', 'GO:0005887', 'GO:0015648', 'GO:0016020']
tmp_000068	['GO:0033554', 'GO:0016209', 'GO:0005829', 'GO:0045454', 'GO:0016491', 'GO:0008379', 'GO:0051920', 'GO:0006979', 'GO:0042744']
tmp_000070	['GO:0071555', 'GO:0008658', 'GO:0071972', 'GO:0009002', 'GO:0005887', 'GO:0009252', 'GO:0016020']
tmp_000072	['GO:0005829', 'GO:0005525']
tmp_000073	['GO:0001530', 'GO:0042597', 'GO:0017089', 'GO:0009279', 'GO:0015920', 'GO:0030288']
tmp_000075	['GO:0016788']
tmp_000076	['GO:0016829', 'GO:0042834']
tmp_000078	['GO:0005829', 'GO:0004536', 'GO:0016788']
tmp_000079	['GO:0004746', 'GO:0009231']
tmp_000080	['GO:0016020', 'GO:0009306', 'GO:0005886']
tmp_000082	['GO:0005886', 'GO:0006865', 'GO:0048473', 'GO:0055085', 'GO:0016020']
tmp_000085	['GO:0071555', 'GO:0005887', 'GO:0016780', 'GO:0009103', 'GO:0044038', 'GO:0016020']
tmp_000086	['GO:0005829', 'GO:0008615', 'GO:0005737', 'GO:0033856']
tmp_000087	['GO:0051287']
tmp_000088	['GO:0002949']
tmp_000089	['GO:0071973', 'GO:0071978', 'GO:0009426']
tmp_000091	['GO:0003723', 'GO:0006355', 'GO:0005829', 'GO:0006353']
tmp_000092	['GO:0005829', 'GO:0009231', 'GO:0005622', 'GO:0000906', 'GO:0009349']
tmp_000093	['GO:0005829', 'GO:0008676', 'GO:0019294', 'GO:0009058', 'GO:0005737', 'GO:0046364']
tmp_000094	['GO:0004089', 'GO:0015976', 'GO:0008270']
tmp_000095	['GO:0006207', 'GO:0044205', 'GO:0005829', 'GO:0004590']
tmp_000096	['GO:0005829', 'GO:0009058', 'GO:0015940', 'GO:0004592', 'GO:0003824']
tmp_000103	['GO:0009408', 'GO:0042026', 'GO:1990220', 'GO:0006457', 'GO:0140662', 'GO:0051082', 'GO:0005524', 'GO:0051085']
tmp_000104	['GO:0051087', 'GO:0006457', 'GO:0051082', 'GO:0005524', 'GO:0051085', 'GO:0044183', 'GO:0046872']
tmp_000105	['GO:0006260', 'GO:0003677', 'GO:0005737', 'GO:0008270', 'GO:0006269', 'GO:0003896']
tmp_000106	['GO:0004810']
tmp_000110	['GO:0000166', 'GO:0003677', 'GO:0005524']
tmp_000113	['GO:0000160', 'GO:0007165', 'GO:0006935']
tmp_000114	['GO:0008836', 'GO:0009089', 'GO:0045312', 'GO:0003824', 'GO:0016831']
tmp_000116	['GO:0016776', 'GO:0005886', 'GO:0009244', 'GO:0016772', 'GO:0016020']
tmp_000119	['GO:0006571', 'GO:0004665', 'GO:0008977', 'GO:0070403']
tmp_000120	['GO:0030163', 'GO:0016887', 'GO:0006515', 'GO:0005524', 'GO:0004176', 'GO:0006508', 'GO:0004252', 'GO:0043565']
tmp_000121	['GO:0005515']
tmp_000122	['GO:0044780']
tmp_000123	['GO:0016836', 'GO:0006633']
tmp_000124	['GO:0008610', 'GO:0008780']
tmp_000125	['GO:0046983', 'GO:0016887', 'GO:0051301', 'GO:0006457', 'GO:0140662', 'GO:0051082', 'GO:0005524', 'GO:0009376', 'GO:0051603', 'GO:0008270']
tmp_000126	['GO:0000902']
tmp_000127	['GO:0008360', 'GO:0005886']
tmp_000128	['GO:0016787', 'GO:0003677', 'GO:0005524']
tmp_000129	['GO:0008170', 'GO:0003677', 'GO:0009007', 'GO:0005737', 'GO:0008168']
tmp_000130	['GO:0003676', 'GO:0008170', 'GO:0003677', 'GO:0032259', 'GO:0008168']
tmp_000131	['GO:0006355', 'GO:0005829', 'GO:0032993', 'GO:0000160', 'GO:0000976', 'GO:0003677', 'GO:0000156']
tmp_000132	['GO:0000160', 'GO:0007165', 'GO:0000155', 'GO:0005886']
tmp_000133	['GO:0052856', 'GO:0052857', 'GO:0052855', 'GO:0016836', 'GO:0110051']
tmp_000134	['GO:0006260', 'GO:0005829', 'GO:0003678', 'GO:0003677', 'GO:0005524', 'GO:0006268']
tmp_000136	['GO:0016765', 'GO:0005887', 'GO:0006744', 'GO:0016020']
tmp_000139	['GO:0004609', 'GO:0006646', 'GO:0008654']
tmp_000140	['GO:0034628', 'GO:0005829', 'GO:0008987', 'GO:0051539', 'GO:0009435']
tmp_000141	['GO:0004514', 'GO:0016763', 'GO:0034213', 'GO:0005737', 'GO:0009435']
tmp_000142	['GO:0003677', 'GO:0008170']
tmp_000144	['GO:0003676', 'GO:0008170', 'GO:0003677', 'GO:0005737', 'GO:0032259', 'GO:0008168', 'GO:0009007']
tmp_000147	['GO:0007165', 'GO:0004175', 'GO:0006508', 'GO:0030288', 'GO:0008236', 'GO:0005515']
tmp_000149	['GO:0008654', 'GO:0016746', 'GO:0006654', 'GO:0003841', 'GO:0016020']
tmp_000150	['GO:0005634', 'GO:0004844', 'GO:0006281', 'GO:0006284', 'GO:0005739', 'GO:0097510', 'GO:0016799']
tmp_000151	['GO:0016620', 'GO:0005829', 'GO:0050661', 'GO:0051287', 'GO:0006006', 'GO:0004365']
tmp_000152	['GO:0006094', 'GO:0005829', 'GO:0005524', 'GO:0004618', 'GO:0006096', 'GO:0043531']
tmp_000153	['GO:0015099', 'GO:0015095', 'GO:0015693', 'GO:0015087', 'GO:0030001', 'GO:0046873', 'GO:0006824', 'GO:0016020', 'GO:0055085']
tmp_000154	['GO:0016020']
tmp_000155	['GO:0003676', 'GO:0008170', 'GO:0003677', 'GO:0005737', 'GO:0032259', 'GO:0008168']
tmp_000157	['GO:0031402', 'GO:0006814', 'GO:0005298', 'GO:0005887', 'GO:0015824', 'GO:0016020', 'GO:0055085', 'GO:0015193', 'GO:0022857']
tmp_000158	['GO:0016620', 'GO:0006355', 'GO:0016491', 'GO:0003842', 'GO:0004657', 'GO:0003700', 'GO:0009898', 'GO:0010133']
tmp_000170	['GO:0006807', 'GO:0016151']
tmp_000171	['GO:0006807', 'GO:0003924', 'GO:0016151']
tmp_000172	['GO:0006807', 'GO:0016151']
tmp_000173	['GO:0006457', 'GO:0016151', 'GO:0019627', 'GO:0005737', 'GO:0065003']
tmp_000174	['GO:0016020']
tmp_000175	['GO:0009039', 'GO:0016151', 'GO:0016787', 'GO:0006807', 'GO:0016810']
tmp_000176	['GO:0043419', 'GO:0016151', 'GO:0035550']
tmp_000178	['GO:0004190', 'GO:0016020', 'GO:0006508']
tmp_000179	['GO:0004615', 'GO:0016868', 'GO:0005829', 'GO:0005975', 'GO:0006048', 'GO:0000287', 'GO:0071704', 'GO:0009252', 'GO:0008966']
tmp_000180	['GO:0003723', 'GO:0005829', 'GO:0005840', 'GO:0006412', 'GO:0070181', 'GO:0015935', 'GO:0003735']
tmp_000181	['GO:0006415', 'GO:0016149', 'GO:0003747']
tmp_000185	['GO:0007165', 'GO:0016020']
tmp_000186	['GO:0003723', 'GO:0005840', 'GO:0006412', 'GO:0015935', 'GO:0003735']
tmp_000187	['GO:0022625', 'GO:0017148', 'GO:0005840', 'GO:0006412', 'GO:0003729', 'GO:0003735']
tmp_000189	['GO:0047545', 'GO:0006099', 'GO:0008924', 'GO:0005737']
tmp_000191	['GO:0006355', 'GO:0016987', 'GO:0006352', 'GO:0003677', 'GO:0003700']
tmp_000201	['GO:0022625', 'GO:0005840', 'GO:0006412', 'GO:0019843', 'GO:0000027', 'GO:0003735']
tmp_000202	['GO:0022625', 'GO:0003735', 'GO:0005840', 'GO:0006412', 'GO:0015934']
tmp_000203	['GO:0006413', 'GO:0005829', 'GO:0003743', 'GO:0043022', 'GO:0032790', 'GO:0016020']
tmp_000204	['GO:0005829', 'GO:0004829', 'GO:0005739', 'GO:0043039', 'GO:0006418', 'GO:0005524', 'GO:0004812', 'GO:0005737', 'GO:0000166', 'GO:0006435']
tmp_000205	['GO:0008986', 'GO:0016301', 'GO:0006090', 'GO:0005524', 'GO:0016772', 'GO:0003824', 'GO:0016310']
tmp_000207	['GO:0051536', 'GO:0003824']
tmp_000208	['GO:0005694', 'GO:0006265', 'GO:0003677', 'GO:0003916', 'GO:0003917']
tmp_000209	['GO:0009288', 'GO:0005198']
tmp_000213	['GO:0006355', 'GO:0045892', 'GO:0003677']
tmp_000214	['GO:0005829', 'GO:0051087', 'GO:0006457', 'GO:0051082', 'GO:0000774', 'GO:0042803']
tmp_000215	['GO:0006457', 'GO:0140662', 'GO:0051082', 'GO:0005524']
tmp_000216	['GO:0019344', 'GO:0005737', 'GO:0006535']
tmp_000217	['GO:0030170', 'GO:0003962', 'GO:0019346', 'GO:0005737', 'GO:0016846']
tmp_000218	['GO:0043768', 'GO:0046872', 'GO:0009372', 'GO:0005506']
tmp_000219	['GO:0016787', 'GO:0016788', 'GO:0030288', 'GO:0000166', 'GO:0046872', 'GO:0009166']
tmp_000220	['GO:0007165', 'GO:0016020']
tmp_000224	['GO:0007165', 'GO:0016020']
tmp_000225	['GO:0030170', 'GO:0005737', 'GO:0006520']
tmp_000227	['GO:0016616', 'GO:0051287']
tmp_000230	['GO:0005975', 'GO:0016020', 'GO:0008107']
tmp_000231	['GO:0003676', 'GO:0008170', 'GO:0003677', 'GO:0005737', 'GO:0032259', 'GO:0008168', 'GO:0009007']
tmp_000232	['GO:0009307', 'GO:0009036', 'GO:0003677']
tmp_000234	['GO:0005829', 'GO:0016740', 'GO:0004314', 'GO:0006633']
tmp_000235	['GO:0008930', 'GO:0005829', 'GO:0008782', 'GO:0003824', 'GO:0019284', 'GO:0009116', 'GO:0019509', 'GO:0009164']
tmp_000243	['GO:0006865', 'GO:0003333', 'GO:0016020', 'GO:0015171']
tmp_000244	['GO:0009073', 'GO:0003849']
tmp_000246	['GO:0016209', 'GO:0045454', 'GO:0034599', 'GO:0016491', 'GO:0005737', 'GO:0008379']
tmp_000248	['GO:0019516', 'GO:0051536']
tmp_000249	['GO:0005829']
tmp_000250	['GO:0015727', 'GO:0015295', 'GO:0015129', 'GO:0005886']
tmp_000251	['GO:0015727', 'GO:0015295', 'GO:0015129', 'GO:0005886']
tmp_000252	['GO:0034039', 'GO:0006281', 'GO:0032357', 'GO:0006284', 'GO:0035485', 'GO:0006298', 'GO:0003677', 'GO:0000701', 'GO:0051539', 'GO:0016798', 'GO:0003824']
tmp_000253	['GO:0005215', 'GO:0005886', 'GO:0016020', 'GO:0055085', 'GO:0022857']
tmp_000254	['GO:0009060', 'GO:0015990', 'GO:0022904', 'GO:0045278', 'GO:0004129', 'GO:0016020', 'GO:0020037']
tmp_000255	['GO:0009055', 'GO:0020037']
tmp_000257	['GO:0009055', 'GO:0020037']
tmp_000262	['GO:0016829', 'GO:0009234']
tmp_000263	['GO:0008094', 'GO:0016887', 'GO:0006281', 'GO:0006259', 'GO:0005829', 'GO:0003677', 'GO:0005524', 'GO:0140664', 'GO:0003697']
tmp_000264	['GO:0000015', 'GO:0004634', 'GO:0000287', 'GO:0006096']
tmp_000267	['GO:0005829', 'GO:0004765']
tmp_000269	['GO:0016757']
tmp_000270	['GO:0005515']
tmp_000271	['GO:0005829']
tmp_000272	['GO:0005829', 'GO:0006783', 'GO:0004655', 'GO:0033014', 'GO:0008270', 'GO:0046872']
tmp_000273	['GO:0005886', 'GO:0007165', 'GO:0000155', 'GO:0016021', 'GO:0016020']
tmp_000274	['GO:0006355', 'GO:0005829', 'GO:0032993', 'GO:0000160', 'GO:0000976', 'GO:0003677', 'GO:0000156']
tmp_000276	['GO:0005515']
tmp_000278	['GO:0016791']
tmp_000279	['GO:0006415', 'GO:0005737', 'GO:0016149', 'GO:0003747']
tmp_000281	['GO:0044780', 'GO:0006605', 'GO:0016020', 'GO:0005886']
tmp_000284	['GO:0003755']
tmp_000285	['GO:0005975', 'GO:0016832', 'GO:0004332', 'GO:0030388', 'GO:0008270', 'GO:0006096']
tmp_000286	['GO:0006414', 'GO:0043043', 'GO:0005737', 'GO:0003746']
tmp_000290	['GO:0070085', 'GO:0016051', 'GO:0047444']
tmp_000291	['GO:0016887', 'GO:0005886', 'GO:0005524', 'GO:0055085', 'GO:0022857']
tmp_000292	['GO:0016410', 'GO:0006807', 'GO:0016020', 'GO:0042158']
tmp_000293	['GO:0009403', 'GO:0016020']
tmp_000294	['GO:0003676', 'GO:0005829', 'GO:0006418', 'GO:0005524', 'GO:0004812', 'GO:0005737', 'GO:0000166', 'GO:0000049', 'GO:0006430', 'GO:0004824']
tmp_000295	['GO:0046653', 'GO:0070905', 'GO:0005829', 'GO:0046655', 'GO:0006565', 'GO:0030170', 'GO:0004372', 'GO:0006730', 'GO:0050897', 'GO:0005737', 'GO:0008270', 'GO:0035999', 'GO:0019264']
tmp_000300	['GO:0005886']
tmp_000301	['GO:0032049', 'GO:0003824']
tmp_000302	['GO:0006099', 'GO:0051537', 'GO:0009060', 'GO:0051536', 'GO:0009055', 'GO:0022904', 'GO:0016491']
tmp_000303	['GO:0005886', 'GO:0009055', 'GO:0009061', 'GO:0016491', 'GO:0050660', 'GO:0000104']
tmp_000304	['GO:0006099', 'GO:0016020']
tmp_000306	['GO:0004318', 'GO:0006633']
tmp_000307	['GO:0009245', 'GO:0016410', 'GO:0016747']
tmp_000308	['GO:0004478', 'GO:0005829', 'GO:0006556', 'GO:0005524']
tmp_000309	['GO:0006228', 'GO:0006183', 'GO:0004550', 'GO:0006241']
tmp_000311	['GO:0003735', 'GO:0006412', 'GO:0015934']
tmp_000312	['GO:0003824', 'GO:0016747', 'GO:0006633']
tmp_000313	['GO:0004315', 'GO:0016746', 'GO:0006633']
tmp_000317	['GO:0140663', 'GO:0051536', 'GO:0016226', 'GO:0051539', 'GO:0005524']
tmp_000318	['GO:0016757']
tmp_000321	['GO:0009408', 'GO:0016887', 'GO:0005829', 'GO:0006457', 'GO:0140662', 'GO:0051082', 'GO:0005524', 'GO:0006974']
tmp_000322	['GO:0005515']
tmp_000323	['GO:0009014', 'GO:0016787', 'GO:0009089']
tmp_000324	['GO:0005829', 'GO:0030488', 'GO:0008033', 'GO:0050660', 'GO:0002098']
tmp_000325	['GO:0055085', 'GO:0022857', 'GO:0016020']
tmp_000326	['GO:0016772', 'GO:0016020']
tmp_000327	['GO:0008299', 'GO:0046872', 'GO:0030145', 'GO:0051484', 'GO:0070402', 'GO:0030604', 'GO:0005515']
tmp_000332	['GO:0031071', 'GO:0030170', 'GO:0044571', 'GO:0006534']
tmp_000333	['GO:0051537', 'GO:0051536', 'GO:0016226', 'GO:0008198', 'GO:0005737', 'GO:0005506', 'GO:0006879']
tmp_000334	['GO:0006355']
tmp_000335	['GO:0000725', 'GO:0016887', 'GO:0006281', 'GO:0005829', 'GO:0003677', 'GO:0140664', 'GO:0005524', 'GO:0003684']
tmp_000336	['GO:0030091', 'GO:0006979', 'GO:0016671', 'GO:0008113', 'GO:0005737', 'GO:0033743']
tmp_000338	['GO:0016020']
tmp_000340	['GO:0016020']
tmp_000343	['GO:0008690', 'GO:0005829']
tmp_000346	['GO:0016874']
tmp_000348	['GO:0005515']
tmp_000349	['GO:0009055', 'GO:0020037']
tmp_000350	['GO:0006783', 'GO:0033014', 'GO:0005737', 'GO:0004418', 'GO:0018160']
tmp_000351	['GO:0005829', 'GO:0002161', 'GO:0006418', 'GO:0005524', 'GO:0006433', 'GO:0004827', 'GO:0005737', 'GO:0000166', 'GO:0004812']
tmp_000352	['GO:0008883', 'GO:0050661', 'GO:0033014']
tmp_000353	['GO:0004659', 'GO:0008299']
tmp_000356	['GO:0016722', 'GO:0008199']
tmp_000357	['GO:0016772', 'GO:0007165', 'GO:0000155', 'GO:0016310']
tmp_000359	['GO:0030288', 'GO:0071973', 'GO:0009428', 'GO:0005198']
tmp_000360	['GO:0003676', 'GO:0005829', 'GO:0005524', 'GO:0003724', 'GO:0000027']
tmp_000361	['GO:0016020']
tmp_000363	['GO:0000166', 'GO:0016887', 'GO:0015833', 'GO:0005524']
tmp_000364	['GO:0055085', 'GO:0042884', 'GO:0016020']
tmp_000368	['GO:0005525', 'GO:0006164', 'GO:0004019', 'GO:0005737', 'GO:0046040', 'GO:0000166', 'GO:0044208']
tmp_000369	['GO:0071973', 'GO:0009288']
tmp_000371	['GO:0016020', 'GO:0005515', 'GO:0006508', 'GO:0004222']
tmp_000372	['GO:0003676', 'GO:0009318', 'GO:0008855', 'GO:0006308']
tmp_000373	['GO:0003676', 'GO:0008170', 'GO:0003677', 'GO:0005737', 'GO:0032259', 'GO:0008168']
tmp_000376	['GO:0008170', 'GO:0009307', 'GO:0003677', 'GO:0005737', 'GO:0009007', 'GO:0008168', 'GO:0015667']
tmp_000377	['GO:0016887', 'GO:0005737', 'GO:0034605', 'GO:0005524']
tmp_000378	['GO:0017004', 'GO:0016020']
tmp_000379	['GO:0016787', 'GO:0004038', 'GO:0005737', 'GO:0006145', 'GO:0016810']
tmp_000380	['GO:0016787', 'GO:0016810']
tmp_000382	['GO:0035600', 'GO:0051536', 'GO:0016740', 'GO:0006400', 'GO:0051539', 'GO:0035596', 'GO:0003824']
tmp_000388	['GO:0005515']
tmp_000391	['GO:0016462']
tmp_000392	['GO:0008713', 'GO:0005829', 'GO:0009244', 'GO:0016757', 'GO:0008920']
tmp_000393	['GO:0016740', 'GO:0016020']
tmp_000394	['GO:0002099', 'GO:0005829', 'GO:0016763', 'GO:0101030', 'GO:0008616', 'GO:0006400', 'GO:0008479', 'GO:0005737']
tmp_000395	['GO:0006813', 'GO:0008324']
tmp_000396	['GO:0016838', 'GO:0009073', 'GO:0005737', 'GO:0003856']
tmp_000397	['GO:0055085', 'GO:0016020']
tmp_000398	['GO:0035600', 'GO:0051536', 'GO:0016740', 'GO:0006400', 'GO:0051539', 'GO:0035596', 'GO:0003824', 'GO:0035598']
tmp_000399	['GO:0016887', 'GO:0030163', 'GO:0005886', 'GO:0005524', 'GO:0004176', 'GO:0006508', 'GO:0004222']
tmp_000404	['GO:0003824', 'GO:0008836', 'GO:0009089']
tmp_000405	['GO:0046417', 'GO:0009697', 'GO:0004106']
tmp_000407	['GO:0046820', 'GO:0003824', 'GO:0009058']
tmp_000408	['GO:0004040', 'GO:0006807', 'GO:0003837', 'GO:0033396', 'GO:0016811']
tmp_000409	['GO:0009288', 'GO:0005198']
tmp_000410	['GO:0003723', 'GO:0005840', 'GO:0006412', 'GO:0003735']
tmp_000411	['GO:0022625', 'GO:0005840', 'GO:0006412', 'GO:0003735']
tmp_000412	['GO:1904680', 'GO:0015833', 'GO:0030288', 'GO:0043190', 'GO:0055085']
tmp_000413	['GO:0055085', 'GO:0071916', 'GO:0016020']
tmp_000414	['GO:0055085', 'GO:0016020']
tmp_000415	['GO:0000166', 'GO:0016887', 'GO:0015833', 'GO:0005524']
tmp_000416	['GO:0000166', 'GO:0016887', 'GO:0015833', 'GO:0005524']
tmp_000417	['GO:0000287', 'GO:0005525', 'GO:0003924']
tmp_000418	['GO:0042597', 'GO:0016829']
tmp_000420	['GO:0008483', 'GO:0033014', 'GO:0042286', 'GO:0030170']
tmp_000423	['GO:0006807']
tmp_000424	['GO:0005975', 'GO:0016810']
tmp_000426	['GO:0008170', 'GO:0009307', 'GO:0003677', 'GO:0005737', 'GO:0008168', 'GO:0015667']
tmp_000428	['GO:0005737']
tmp_000429	['GO:0022857', 'GO:0005886']
tmp_000430	['GO:0005829', 'GO:0070967', 'GO:0016627']
tmp_000431	['GO:0006420', 'GO:0006418', 'GO:0005524', 'GO:0004814', 'GO:0005737', 'GO:0000166', 'GO:0004812']
tmp_000432	['GO:0015031', 'GO:0016020', 'GO:0043953']
tmp_000433	['GO:0006163', 'GO:0005829', 'GO:0004385']
tmp_000435	['GO:0003824', 'GO:0016891']
tmp_000437	['GO:0071973', 'GO:0009427', 'GO:0003774']
tmp_000438	['GO:0008781']
tmp_000439	['GO:0008781']
tmp_000440	['GO:0016747']
tmp_000441	['GO:0009244', 'GO:0005886', 'GO:0005524', 'GO:0009029', 'GO:0009245']
tmp_000442	['GO:0003952', 'GO:0004359', 'GO:0005737', 'GO:0008795', 'GO:0009435']
tmp_000444	['GO:0005829', 'GO:0009099', 'GO:0050661', 'GO:0009082', 'GO:0009097', 'GO:0016491', 'GO:0004455']
tmp_000445	['GO:0051782', 'GO:0016887', 'GO:0005829', 'GO:0005524', 'GO:0009898']
tmp_000446	['GO:0051301', 'GO:0032955']
tmp_000447	['GO:0009294']
tmp_000448	['GO:0006364', 'GO:0006139', 'GO:0000967', 'GO:0005829']
tmp_000449	['GO:0005515']
tmp_000450	['GO:0005515']
tmp_000453	['GO:0003796']
tmp_000458	['GO:0003723', 'GO:0000455', 'GO:0001522', 'GO:0009451', 'GO:0009982']
tmp_000459	['GO:0003676', 'GO:0006281', 'GO:0008409', 'GO:0006310']
tmp_000460	['GO:0005829', 'GO:0042802', 'GO:0006221', 'GO:0006241', 'GO:0003883', 'GO:0019856']
tmp_000462	['GO:0009431', 'GO:0071973', 'GO:0003774']
tmp_000463	['GO:0006935', 'GO:0071973', 'GO:0009288', 'GO:0003774']
tmp_000464	['GO:0005829']
tmp_000465	['GO:0019288', 'GO:0005829', 'GO:0008661', 'GO:0016114', 'GO:0003824', 'GO:0016744']
tmp_000466	['GO:0045727', 'GO:0043022', 'GO:0003924', 'GO:0005525']
tmp_000467	['GO:0008168']
tmp_000468	['GO:0003676']
tmp_000469	['GO:0071978']
tmp_000470	['GO:0055085', 'GO:0022857', 'GO:0016020']
tmp_000471	['GO:0000166', 'GO:0003677', 'GO:0005524']
tmp_000473	['GO:0004802', 'GO:0003824', 'GO:0005829', 'GO:0006098']
tmp_000474	['GO:0003919', 'GO:0009231', 'GO:0009398', 'GO:0008531', 'GO:0006771']
tmp_000475	['GO:0003723', 'GO:0032259', 'GO:0008168']
tmp_000477	['GO:0016597', 'GO:0006520', 'GO:0005829', 'GO:0006207', 'GO:0016743', 'GO:0004070']
tmp_000479	['GO:0016887', 'GO:0015421', 'GO:0005524', 'GO:0140359', 'GO:0055085', 'GO:0016020']
tmp_000481	['GO:0003676', 'GO:0009307', 'GO:0004519', 'GO:0015666', 'GO:0003677', 'GO:0043590']
tmp_000482	['GO:0016887', 'GO:0005524']
tmp_000484	['GO:0035444', 'GO:0015099', 'GO:0005886']
tmp_000488	['GO:0046872', 'GO:0005507', 'GO:0006825']
tmp_000489	['GO:0005215', 'GO:0016887', 'GO:0055070', 'GO:0043682', 'GO:0005507', 'GO:0005524', 'GO:0019829', 'GO:0006812', 'GO:0000166', 'GO:0046872', 'GO:0016020']
tmp_000490	['GO:0016020', 'GO:0008654', 'GO:0016780']
tmp_000492	['GO:0016887', 'GO:0005524', 'GO:0004176', 'GO:0008270', 'GO:0006508', 'GO:0004222', 'GO:0016020']
tmp_000493	['GO:0005829', 'GO:0008276', 'GO:0006479']
tmp_000494	['GO:0000160']
tmp_000499	['GO:0005829', 'GO:0070043', 'GO:0005737', 'GO:0006364', 'GO:0008649']
tmp_000500	['GO:0002099', 'GO:0008616', 'GO:0016740', 'GO:0051075', 'GO:0016853']
tmp_000501	['GO:0009977', 'GO:0065002', 'GO:0043953', 'GO:0016020', 'GO:0033281']
tmp_000502	['GO:0008320', 'GO:0016020', 'GO:0043953']
tmp_000503	['GO:0009378', 'GO:0016887', 'GO:0006281', 'GO:0003677', 'GO:0006310', 'GO:0005524']
tmp_000504	['GO:0003864', 'GO:0000287', 'GO:0005737', 'GO:0015940', 'GO:0003824']
tmp_000509	['GO:0000902']
tmp_000510	['GO:0009245', 'GO:0008759']
tmp_000512	['GO:0004413', 'GO:0005524', 'GO:0006566']
tmp_000514	['GO:0006413', 'GO:0003743', 'GO:0005525', 'GO:0005737', 'GO:0003924']
tmp_000515	['GO:0006364']
tmp_000516	['GO:0000028', 'GO:0042274', 'GO:0005829', 'GO:0006412']
tmp_000517	['GO:0006085', 'GO:0005829', 'GO:0003987', 'GO:0016208', 'GO:0019427']
tmp_000518	['GO:0009245', 'GO:0008758', 'GO:0016787']
tmp_000519	['GO:0006355', 'GO:0005829', 'GO:0032993', 'GO:0000160', 'GO:0000976', 'GO:0003677', 'GO:0000156']
tmp_000521	['GO:0044780', 'GO:0016020', 'GO:0009306', 'GO:0005886']
tmp_000522	['GO:0022627', 'GO:0005840', 'GO:0006412', 'GO:0003735']
tmp_000524	['GO:0019631', 'GO:0003855']
tmp_000526	['GO:0009396', 'GO:0003848']
tmp_000527	['GO:0006605', 'GO:0016887', 'GO:0005047', 'GO:0005525', 'GO:0044781', 'GO:0005886', 'GO:0003924', 'GO:0006614', 'GO:0016020']
tmp_000528	['GO:0051782', 'GO:0016887', 'GO:0005829', 'GO:0005524', 'GO:0009898']
tmp_000530	['GO:0006355', 'GO:0003899', 'GO:0016987', 'GO:0006352', 'GO:0003677', 'GO:0003700']
tmp_000531	['GO:0071973', 'GO:0071978', 'GO:0009425', 'GO:0050918', 'GO:0003774']
tmp_000532	['GO:0071973', 'GO:0009288', 'GO:0009425', 'GO:0006935', 'GO:0016020', 'GO:0003774']
tmp_000533	['GO:0005829']
tmp_000535	['GO:1900705', 'GO:0006355', 'GO:0005829', 'GO:0000976', 'GO:0045892', 'GO:0003700', 'GO:1900376', 'GO:0008270']
tmp_000537	['GO:0006355', 'GO:0003700', 'GO:0003677']
tmp_000538	['GO:0042026', 'GO:0006457', 'GO:0051082', 'GO:0051085', 'GO:0005737']
tmp_000540	['GO:0003824', 'GO:0008409', 'GO:0003677']
tmp_000541	['GO:0000160']
tmp_000542	['GO:0008299', 'GO:0008685', 'GO:0016114', 'GO:0070567', 'GO:0050518', 'GO:0003824']
tmp_000543	['GO:0005515', 'GO:0006508', 'GO:0004252']
tmp_000544	['GO:0055085', 'GO:0006865', 'GO:0016020']
tmp_000545	['GO:0008444', 'GO:0008654', 'GO:0016780', 'GO:0046474', 'GO:0016020']
tmp_000547	['GO:0016616']
tmp_000548	['GO:0016829', 'GO:0005829', 'GO:0008840', 'GO:0009089']
tmp_000549	['GO:0046872', 'GO:0006508', 'GO:0004222']
tmp_000550	['GO:0006222', 'GO:0016627', 'GO:0006207', 'GO:0005886', 'GO:0005737', 'GO:0009220', 'GO:0016020', 'GO:0004152']
tmp_000551	['GO:0008976', 'GO:0009358', 'GO:0006799']
tmp_000553	['GO:0003677']
tmp_000554	['GO:0003676', 'GO:0008170', 'GO:0003677', 'GO:0032259', 'GO:0008168']
tmp_000563	['GO:0006518', 'GO:0006508', 'GO:0004222']
tmp_000564	['GO:0055085', 'GO:0015297', 'GO:0006812', 'GO:1902600', 'GO:0016020']
tmp_000571	['GO:0005829', 'GO:0043039', 'GO:0006418', 'GO:0005524', 'GO:0006424', 'GO:0008270', 'GO:0004818', 'GO:0000166', 'GO:0000049', 'GO:0004812']
tmp_000573	['GO:0003676', 'GO:0008170', 'GO:0003677', 'GO:0032259', 'GO:0008168']
tmp_000574	['GO:0008713', 'GO:0005829', 'GO:0009244']
tmp_000575	['GO:0005525', 'GO:0005829', 'GO:0003924', 'GO:1990904']
tmp_000576	['GO:0009307', 'GO:0006298', 'GO:1904047', 'GO:0009007', 'GO:0043565']
tmp_000578	['GO:0004096', 'GO:0042542', 'GO:0005737', 'GO:0006979', 'GO:0042744', 'GO:0020037']
tmp_000585	['GO:0005840', 'GO:0006412', 'GO:0003735']
tmp_000586	['GO:0009279']
tmp_000587	['GO:0071555', 'GO:0005887', 'GO:0016780', 'GO:0044038', 'GO:0016020', 'GO:0008963']
tmp_000588	['GO:0009396', 'GO:0008360', 'GO:0051301', 'GO:0008764', 'GO:0016881', 'GO:0004326', 'GO:0005524', 'GO:0009058', 'GO:0005737']
tmp_000590	['GO:0016787']
tmp_000591	['GO:0016020']
tmp_000592	['GO:0016020']
tmp_000593	['GO:0004620', 'GO:0006629', 'GO:0016020']
tmp_000594	['GO:0006260', 'GO:0008408', 'GO:0009360', 'GO:0003887', 'GO:0003677', 'GO:0006271']
tmp_000595	['GO:0005694', 'GO:0006265', 'GO:0003677', 'GO:0005524', 'GO:0003918']
tmp_000598	['GO:0000920', 'GO:0004222']
tmp_000599	['GO:0046872', 'GO:0019693', 'GO:0006753', 'GO:0016818']
tmp_000602	['GO:0019877', 'GO:0005829', 'GO:0009089', 'GO:0008839']
tmp_000604	['GO:0006807', 'GO:0005737', 'GO:0006542', 'GO:0004356', 'GO:0003824', 'GO:0016020', 'GO:0019740']
tmp_000606	['GO:0022625', 'GO:0005840', 'GO:0006412', 'GO:0003735']
tmp_000607	['GO:0009376', 'GO:0051603', 'GO:0005839', 'GO:0006508', 'GO:0004298']
tmp_000608	['GO:0008233', 'GO:0016887', 'GO:0005524', 'GO:0009376', 'GO:0051603']
tmp_000609	['GO:0003723', 'GO:0005829', 'GO:0005525', 'GO:0043024', 'GO:0000028', 'GO:0019843']
tmp_000610	['GO:0016740']
tmp_000611	['GO:0036503', 'GO:0005515', 'GO:0005789']
tmp_000616	['GO:0016020']
tmp_000617	['GO:0043684', 'GO:0044097']
tmp_000622	['GO:0016020']
tmp_000638	['GO:0005524']
tmp_000642	['GO:0019534']
tmp_000643	['GO:0036361', 'GO:0006807', 'GO:0009252', 'GO:0008881', 'GO:0047661', 'GO:0016855']
tmp_000644	['GO:0003723', 'GO:0003676', 'GO:0016887', 'GO:0005524', 'GO:0006353', 'GO:0008186']
tmp_000645	['GO:0005840', 'GO:0006412', 'GO:0003735']
tmp_000646	['GO:0000453', 'GO:0008168']
tmp_000647	['GO:0003723', 'GO:0005829', 'GO:0008173', 'GO:0006396', 'GO:0008168']
tmp_000648	['GO:0003677']
tmp_000651	['GO:0016874', 'GO:0006633', 'GO:0003989', 'GO:0009317', 'GO:0016743']
tmp_000652	['GO:0005829', 'GO:0016746', 'GO:0006633', 'GO:0004315', 'GO:0016747']
tmp_000653	['GO:0000035', 'GO:0005829', 'GO:0031177', 'GO:0006633', 'GO:0009245', 'GO:0000036']
tmp_000654	['GO:0016491', 'GO:0051287', 'GO:0004316', 'GO:0006633']
tmp_000655	['GO:0005840', 'GO:0006412', 'GO:0003735']
tmp_000657	['GO:0006355']
tmp_000658	['GO:0005886', 'GO:1901530']
tmp_000659	['GO:0008837', 'GO:0005737', 'GO:0005829', 'GO:0009089']
tmp_000661	['GO:0051536', 'GO:0003824']
tmp_000662	['GO:0016887', 'GO:0005737', 'GO:0005525', 'GO:0005524']
tmp_000663	['GO:0008233', 'GO:0070006', 'GO:0019538', 'GO:0030145', 'GO:0005737', 'GO:0006508', 'GO:0046872', 'GO:0004177']
tmp_000665	['GO:0002055', 'GO:0016208', 'GO:0005737', 'GO:0006168', 'GO:0003999', 'GO:0044209']
tmp_000667	['GO:0004751', 'GO:0005975', 'GO:0019316', 'GO:0009052', 'GO:0016853']
tmp_000668	['GO:0008237']
tmp_000669	['GO:0005887', 'GO:0006465', 'GO:0006508', 'GO:0004252', 'GO:0008236', 'GO:0016020']
tmp_000670	['GO:0004488', 'GO:0004477', 'GO:0005829', 'GO:0035999', 'GO:0003824']
tmp_000677	['GO:0071973', 'GO:0009288', 'GO:0009425', 'GO:0006935', 'GO:0016020', 'GO:0003774']
tmp_000678	['GO:0006285', 'GO:0006281', 'GO:0019104', 'GO:0006284', 'GO:0003906', 'GO:0003677', 'GO:0051539', 'GO:0003824']
tmp_000679	['GO:0046914']
tmp_000683	['GO:0006979', 'GO:0003824', 'GO:0016491']
tmp_000684	['GO:0030976', 'GO:0003824']
tmp_000685	['GO:0016903', 'GO:0016491']
tmp_000688	['GO:0006457', 'GO:0016020', 'GO:0015035']
tmp_000691	['GO:0008658', 'GO:0008955', 'GO:0009252', 'GO:0046677']
tmp_000692	['GO:0016740', 'GO:0030170', 'GO:0009102', 'GO:0008710', 'GO:0009058']
tmp_000693	['GO:0007165', 'GO:0016020']
tmp_000694	['GO:0034040', 'GO:0016887', 'GO:0005524']
tmp_000695	['GO:0009288', 'GO:0005198']
tmp_000696	['GO:0006285', 'GO:0006281', 'GO:0019104', 'GO:0006284', 'GO:0003824']
tmp_000702	['GO:0022857', 'GO:1990281', 'GO:0055085', 'GO:0015562', 'GO:0016020']
tmp_000703	['GO:0005886', 'GO:0042910', 'GO:0016020', 'GO:0055085', 'GO:0022857']
tmp_000709	['GO:0006260', 'GO:0006281', 'GO:0005829', 'GO:0003677', 'GO:0006288', 'GO:0003911']
tmp_000710	['GO:0006935', 'GO:0007165', 'GO:0000160']
tmp_000711	['GO:0003676', 'GO:0016874', 'GO:0004815', 'GO:0000166', 'GO:0006418', 'GO:0005524', 'GO:0005737', 'GO:0006422', 'GO:0004812']
tmp_000712	['GO:0006139', 'GO:0005829', 'GO:0019205', 'GO:0005524', 'GO:0005737', 'GO:0009123', 'GO:0009132', 'GO:0004017', 'GO:0004550']
tmp_000716	['GO:0006796', 'GO:0005829', 'GO:0000287', 'GO:0004427', 'GO:0005737']
tmp_000717	['GO:0016887', 'GO:0003690', 'GO:0030983', 'GO:0004519', 'GO:0006298', 'GO:0140664', 'GO:0005524', 'GO:0045910']
tmp_000719	['GO:0008763', 'GO:0016881', 'GO:0009058', 'GO:0005524']
tmp_000720	['GO:0030170', 'GO:0009058']
tmp_000721	['GO:0019288', 'GO:0046429', 'GO:0044237', 'GO:0008299', 'GO:0016114', 'GO:0005506']
tmp_000722	['GO:0008666']
tmp_000723	['GO:0005515']
tmp_000726	['GO:0044569', 'GO:0051536', 'GO:0009055', 'GO:0009375', 'GO:0009061', 'GO:0008901', 'GO:0016020']
tmp_000727	['GO:0008901', 'GO:0016151']
tmp_000728	['GO:0009055', 'GO:0005887', 'GO:0022904', 'GO:0005506', 'GO:0016020', 'GO:0020037']
tmp_000729	['GO:0008233', 'GO:0016485', 'GO:0008047', 'GO:0046872', 'GO:0004175']
tmp_000738	['GO:0070475', 'GO:0005737', 'GO:0071424', 'GO:0008168']
tmp_000740	['GO:0016887', 'GO:0009380', 'GO:0006289', 'GO:0003677', 'GO:0005524']
tmp_000741	['GO:0006355', 'GO:0016887', 'GO:0000160', 'GO:0005524', 'GO:0008134']
tmp_000743	['GO:0006259', 'GO:0005694', 'GO:0006265', 'GO:0009330', 'GO:0003677', 'GO:0005524', 'GO:0003916', 'GO:0005737', 'GO:0003918']
tmp_000744	['GO:0004143', 'GO:0008654', 'GO:0005886', 'GO:0016301', 'GO:0006654', 'GO:0008610', 'GO:0016020']
tmp_000747	['GO:0006749', 'GO:0017168', 'GO:0005829', 'GO:0016787', 'GO:0003824']
tmp_000748	['GO:0006749', 'GO:0017168', 'GO:0016787', 'GO:0005829']
tmp_000750	['GO:0005886']
tmp_000751	['GO:0008410']
tmp_000752	['GO:0008410']
tmp_000753	['GO:0016746', 'GO:0016747']
tmp_000754	['GO:0003676']
tmp_000755	['GO:0005525', 'GO:0005886', 'GO:0006826', 'GO:0015093', 'GO:0016020']
tmp_000756	['GO:0009279', 'GO:0006826']
tmp_000757	['GO:0016020', 'GO:0009306']
tmp_000758	['GO:0016740', 'GO:0006048', 'GO:0000287', 'GO:0000902', 'GO:0003977', 'GO:0019134', 'GO:0005737', 'GO:0009252']
tmp_000763	['GO:0005971', 'GO:0004748', 'GO:0009263', 'GO:0005524']
tmp_000764	['GO:0000166']
tmp_000765	['GO:0016020']
tmp_000766	['GO:0003908', 'GO:0003824', 'GO:0006281']
tmp_000767	['GO:0015074', 'GO:0003677', 'GO:0006310']
tmp_000769	['GO:0030170', 'GO:0003824', 'GO:0009058']
tmp_000773	['GO:0051536']
tmp_000774	['GO:0006782', 'GO:0051536', 'GO:0006779', 'GO:0004109', 'GO:0051539', 'GO:0005737', 'GO:0051989', 'GO:0003824']
tmp_000776	['GO:0005829', 'GO:0010181', 'GO:0009073', 'GO:0004107', 'GO:0009423']
tmp_000777	['GO:0003723', 'GO:0004525', 'GO:0006396', 'GO:0006364']
tmp_000778	['GO:0003676', 'GO:0090502', 'GO:0043137', 'GO:0004523']
tmp_000779	['GO:0005515']
tmp_000780	['GO:0003755']
tmp_000781	['GO:0016874', 'GO:0016884', 'GO:0050567', 'GO:0070681', 'GO:0032543', 'GO:0003824']
tmp_000782	['GO:0046872']
tmp_000783	['GO:0009234', 'GO:0051536', 'GO:0016765', 'GO:0044689', 'GO:0003824']
tmp_000784	['GO:0071709', 'GO:0019867']
tmp_000785	['GO:0009234', 'GO:0051536', 'GO:0003824', 'GO:0044689', 'GO:0016765']
tmp_000786	['GO:0006880', 'GO:0005829', 'GO:0004322', 'GO:0006826', 'GO:0008198', 'GO:0005737', 'GO:0006879', 'GO:0008199']
tmp_000787	['GO:0016311', 'GO:0000287', 'GO:0004647', 'GO:0036424', 'GO:0006564', 'GO:0005737']
tmp_000790	['GO:0006099', 'GO:0005829', 'GO:0016829', 'GO:0006531', 'GO:0008797', 'GO:0003824']
tmp_000791	['GO:0019277', 'GO:0016765', 'GO:0009252', 'GO:0003824', 'GO:0008760']
tmp_000793	['GO:0003983', 'GO:0006011', 'GO:0009058']
tmp_000795	['GO:0016020']
tmp_000796	['GO:0005829', 'GO:0043039', 'GO:0006418', 'GO:0006424', 'GO:0005524', 'GO:0004818', 'GO:0000166', 'GO:0000049', 'GO:0004812']
tmp_000797	['GO:0018545', 'GO:0005829', 'GO:0046256', 'GO:0016491']
tmp_000798	['GO:0003723', 'GO:0006396', 'GO:0008033', 'GO:0000049', 'GO:0016779']
tmp_000801	['GO:0016987', 'GO:0006352', 'GO:0003677', 'GO:0001216']
tmp_000802	['GO:0016887', 'GO:0005886', 'GO:0005524', 'GO:0043190', 'GO:0055085']
tmp_000803	['GO:0002949']
tmp_000804	['GO:0006260', 'GO:0016887', 'GO:0009360', 'GO:0003887', 'GO:0005524', 'GO:0006261']
tmp_000805	['GO:0006865', 'GO:0005887', 'GO:0015171', 'GO:0016020']
tmp_000808	['GO:0004067', 'GO:0006520', 'GO:0006528']
tmp_000809	['GO:0015740', 'GO:0015556', 'GO:0016020']
tmp_000812	['GO:0003723', 'GO:0017150', 'GO:0016491', 'GO:0008033', 'GO:0050660']
tmp_000813	['GO:0000166', 'GO:0008033', 'GO:0016879', 'GO:0005524']
tmp_000816	['GO:0005525']
tmp_000818	['GO:0005829', 'GO:0018339', 'GO:0035599', 'GO:0016740', 'GO:0051536', 'GO:0006400', 'GO:0051539', 'GO:0005737', 'GO:0035596', 'GO:0003824']
tmp_000821	['GO:0008962', 'GO:0006629']
tmp_000822	['GO:0005524', 'GO:0005737', 'GO:0009252', 'GO:0046872', 'GO:0008716']
tmp_000824	['GO:0016881', 'GO:0009058', 'GO:0005524']
tmp_000825	['GO:0003824']
tmp_000826	['GO:0004749', 'GO:0006164', 'GO:0009156', 'GO:0000287', 'GO:0009165', 'GO:0005737', 'GO:0044249', 'GO:0006015', 'GO:0002189']
tmp_000831	['GO:0003723', 'GO:0001522', 'GO:0009451', 'GO:0009982']
tmp_000832	['GO:0005515']
tmp_000833	['GO:0008176', 'GO:0043527', 'GO:0006400', 'GO:0030488', 'GO:0036265']
tmp_000834	['GO:0016887', 'GO:0005886', 'GO:0005524', 'GO:0055085', 'GO:0022857']
tmp_000835	['GO:0032153', 'GO:0016020', 'GO:0051301', 'GO:0016021']
tmp_000836	['GO:0004222']
tmp_000838	['GO:0071973', 'GO:0009288', 'GO:0009421', 'GO:0009424', 'GO:0007155']
tmp_000839	['GO:0044780', 'GO:0071973']
tmp_000841	['GO:0061503', 'GO:0061504', 'GO:0008641']
tmp_000843	['GO:0033388', 'GO:0006807', 'GO:0016811', 'GO:0050126']
tmp_000844	['GO:0016020']
tmp_000845	['GO:0005886', 'GO:0042910', 'GO:0055085', 'GO:0015297', 'GO:0016020']
tmp_000846	['GO:0003723', 'GO:0003676', 'GO:0006402', 'GO:0005730', 'GO:0016020']
tmp_000847	['GO:0009396', 'GO:0035999', 'GO:0030272']
tmp_000849	['GO:0006605', 'GO:0005047', 'GO:0005525', 'GO:0005886', 'GO:0003924', 'GO:0006614', 'GO:0016020']
tmp_000854	['GO:0006777', 'GO:0003824', 'GO:1902758', 'GO:0016779']
tmp_000855	['GO:0005886', 'GO:0044780', 'GO:0015031', 'GO:0016020', 'GO:0009306']
tmp_000857	['GO:0030288', 'GO:0000910', 'GO:0009253', 'GO:0008745']
tmp_000858	['GO:0018580']
tmp_000859	['GO:0003723', 'GO:0006437', 'GO:0005829', 'GO:0043039', 'GO:0004831', 'GO:0005524', 'GO:0006418', 'GO:0000166', 'GO:0004812']
tmp_000860	['GO:0005618', 'GO:0015969', 'GO:0005886']
tmp_000861	['GO:0003677', 'GO:0003899', 'GO:0006351']
tmp_000862	['GO:0006225', 'GO:0033862', 'GO:0005829', 'GO:0006221', 'GO:0005737', 'GO:0009041']
tmp_000863	['GO:0016829', 'GO:0009234']
tmp_000864	['GO:0006099', 'GO:0005829', 'GO:0019629', 'GO:0051539', 'GO:0003994', 'GO:0047456']
tmp_000870	['GO:0030288', 'GO:0042953', 'GO:0044874', 'GO:0042597']
tmp_000871	['GO:0006886', 'GO:0006605', 'GO:0017038', 'GO:0031522', 'GO:0005829', 'GO:0043952', 'GO:0005887', 'GO:0005524', 'GO:0016020']
tmp_000872	['GO:0098797', 'GO:0016020', 'GO:0044874']
tmp_000875	['GO:0005215', 'GO:0016887', 'GO:0015086', 'GO:0022857', 'GO:0005524', 'GO:0046872', 'GO:0019829', 'GO:0030001', 'GO:0055085', 'GO:0000166', 'GO:0006812', 'GO:0016020']
tmp_000876	['GO:0005524']
tmp_000877	['GO:0005739', 'GO:0042586', 'GO:0018206']
tmp_000878	['GO:0006515', 'GO:0051117', 'GO:0004176', 'GO:0006508', 'GO:0004252', 'GO:0009368']
tmp_000879	['GO:0003755', 'GO:0061077', 'GO:0006457', 'GO:0043022', 'GO:0015031', 'GO:0044183', 'GO:0051083', 'GO:0043335']
tmp_000881	['GO:0009279']
tmp_000882	['GO:0006777']
tmp_000884	['GO:0006777']
tmp_000886	['GO:0003935', 'GO:0005829', 'GO:0009231', 'GO:0008686']
tmp_000888	['GO:0003935', 'GO:0005829', 'GO:0009231', 'GO:0008686']
tmp_000892	['GO:0008897', 'GO:0000287', 'GO:0006633']
tmp_000893	['GO:0009425', 'GO:0071973', 'GO:0071978', 'GO:0006935']
tmp_000894	['GO:0031167', 'GO:0008168']
tmp_000896	['GO:0035243']
tmp_000898	['GO:0005829', 'GO:0008641', 'GO:0008146', 'GO:0004792', 'GO:0005737', 'GO:0016779']
tmp_000899	['GO:0006935', 'GO:0071978', 'GO:0005886', 'GO:0016021']
tmp_000904	['GO:0009307', 'GO:0015667', 'GO:0003677', 'GO:0008170']
tmp_000905	['GO:0031460', 'GO:0043190', 'GO:0016020', 'GO:0055085', 'GO:0022857']
tmp_000906	['GO:0016887', 'GO:0005524']
tmp_000909	['GO:0009380', 'GO:0006289', 'GO:0006974', 'GO:0009381', 'GO:0005515']
tmp_000910	['GO:0006520', 'GO:0050661', 'GO:0016491', 'GO:0009088', 'GO:0004412']
tmp_000911	['GO:0003676']
tmp_000912	['GO:0005737', 'GO:0005829', 'GO:0045454', 'GO:0015035']
tmp_000913	['GO:0045454', 'GO:0004791', 'GO:0016491', 'GO:0005737', 'GO:0019430']
tmp_000915	['GO:0003676', 'GO:0003723']
tmp_000916	['GO:0046933', 'GO:0015078', 'GO:0005887', 'GO:0045263', 'GO:0042777', 'GO:0015986']
tmp_000917	['GO:0006164', 'GO:0016491', 'GO:0006183', 'GO:0003824', 'GO:0003938']
tmp_000918	['GO:0030956', 'GO:0006412', 'GO:0050567', 'GO:0003824']
tmp_000919	['GO:0004140', 'GO:0015937', 'GO:0005524']
tmp_000920	['GO:0003824']
tmp_000922	['GO:0043022', 'GO:0005525', 'GO:0000027']
tmp_000923	['GO:0030527', 'GO:0005829', 'GO:0003677']
tmp_000927	['GO:0015483']
tmp_000929	['GO:0010181', 'GO:0004633', 'GO:0071513', 'GO:0015937', 'GO:0015941', 'GO:0003824', 'GO:0004632']
tmp_000931	['GO:0009228', 'GO:0005737', 'GO:0004789']
tmp_000932	['GO:0008972', 'GO:0009228', 'GO:0005829', 'GO:0008902']
tmp_000933	['GO:0009228', 'GO:0004417', 'GO:0000287', 'GO:0005524']
tmp_000934	['GO:0009307', 'GO:0004519', 'GO:0003677', 'GO:0005524', 'GO:0006304', 'GO:0009035']
tmp_000935	['GO:0003677']
tmp_000936	['GO:0003677']
tmp_000937	['GO:0003676', 'GO:0008170', 'GO:0009307', 'GO:0003677', 'GO:0032259', 'GO:0009007', 'GO:0008168']
tmp_000938	['GO:0003677', 'GO:0010424', 'GO:0010216', 'GO:0003886', 'GO:0008168', 'GO:0005634']
tmp_000942	['GO:0016887', 'GO:0005524']
tmp_000943	['GO:0003920', 'GO:1902560', 'GO:0005829', 'GO:0016491', 'GO:0006163', 'GO:0003824']
tmp_000944	['GO:0097367', 'GO:1901135', 'GO:0008968']
tmp_000945	['GO:0005829', 'GO:0016773', 'GO:0033786', 'GO:0005975', 'GO:0009058', 'GO:0033785', 'GO:0003824', 'GO:0016779']
tmp_000946	['GO:0005975', 'GO:0050661', 'GO:0008712']
tmp_000947	['GO:0005975', 'GO:0016791']
tmp_000949	['GO:0004594']
tmp_000950	['GO:0005515']
tmp_000952	['GO:0046081', 'GO:0004170', 'GO:0000287', 'GO:0006226']
tmp_000953	['GO:0032784', 'GO:0006354', 'GO:0003677', 'GO:0070063']
tmp_000954	['GO:0009245', 'GO:0008915', 'GO:0005543']
tmp_000956	['GO:0051604', 'GO:0016151', 'GO:0008270']
tmp_000957	['GO:0044781', 'GO:0009288', 'GO:0071978']
tmp_000959	['GO:0005829']
tmp_000962	['GO:0004096', 'GO:0042542', 'GO:0005737', 'GO:0006979', 'GO:0042744', 'GO:0020037']
tmp_000963	['GO:0015344', 'GO:0031230', 'GO:0044718']
tmp_000964	['GO:0003676', 'GO:0006281', 'GO:0004520', 'GO:0006310', 'GO:0008821']
tmp_000968	['GO:0009378', 'GO:0006281', 'GO:0009379', 'GO:0003678', 'GO:0003677', 'GO:0005524', 'GO:0006310']
tmp_000971	['GO:0006418', 'GO:0005524', 'GO:0004817', 'GO:0005737', 'GO:0000166', 'GO:0006423', 'GO:0004812']
tmp_000972	['GO:0005576', 'GO:0019867']
tmp_000973	['GO:0016887', 'GO:0042626', 'GO:0005524', 'GO:0043190']
tmp_000974	['GO:0033214', 'GO:0022857', 'GO:0005887', 'GO:0016020']
tmp_000975	['GO:0016491']
tmp_000976	['GO:0016790']
tmp_000977	['GO:0006415', 'GO:0004521', 'GO:0006402']
tmp_000983	['GO:0051604', 'GO:0051539', 'GO:0005506', 'GO:0046872', 'GO:0070025']
tmp_000984	['GO:0051604', 'GO:1902670', 'GO:0005506']
tmp_000985	['GO:0008270', 'GO:0051604', 'GO:0016151', 'GO:0003924']
tmp_000987	['GO:0006082', 'GO:0006083', 'GO:0016301', 'GO:0016774', 'GO:0008776', 'GO:0016310']
tmp_000988	['GO:0016746', 'GO:0016407']
tmp_000990	['GO:0071978']
tmp_000991	['GO:0071978']
tmp_000993	['GO:0003676', 'GO:0032259', 'GO:0008168', 'GO:0006304']
tmp_000994	['GO:0000725', 'GO:0043138', 'GO:0005829', 'GO:0003678', 'GO:0016787', 'GO:0003677', 'GO:0005524', 'GO:0033202']
tmp_000998	['GO:0015344', 'GO:0031230', 'GO:0044718']
tmp_001000	['GO:0005524', 'GO:0006807', 'GO:0005737', 'GO:0004088', 'GO:0046872', 'GO:0006541']
tmp_001002	['GO:0016620', 'GO:0005829', 'GO:0050661', 'GO:0051287', 'GO:0006006', 'GO:0004365']
tmp_001005	['GO:0006725', 'GO:0016853']
tmp_001006	['GO:0046872', 'GO:0006281', 'GO:0003677', 'GO:0006310']
tmp_001007	['GO:0003723', 'GO:0005829', 'GO:0001522', 'GO:0009451', 'GO:0009982']
tmp_001008	['GO:0006508', 'GO:0004222']
tmp_001009	['GO:0006729', 'GO:0005525', 'GO:0046654', 'GO:0005737', 'GO:0008270', 'GO:0003934']
tmp_001010	['GO:0004659', 'GO:0008299']
tmp_001011	['GO:0008253', 'GO:0016787', 'GO:0004309', 'GO:0008254', 'GO:0008252']
tmp_001013	['GO:0070497']
tmp_001014	['GO:0051536', 'GO:0003824']
tmp_001015	['GO:0008080', 'GO:0016747']
tmp_001017	['GO:0055085', 'GO:0022857']
tmp_001020	['GO:0005886', 'GO:0006865', 'GO:0071705', 'GO:0022857', 'GO:0043190', 'GO:0055085', 'GO:0016020']
tmp_001022	['GO:0005829', 'GO:0030170', 'GO:0030632', 'GO:0008784', 'GO:0006522', 'GO:0003824']
tmp_001023	['GO:0006814', 'GO:0005886', 'GO:0006865', 'GO:0005283', 'GO:0016020']
tmp_001024	['GO:0005737', 'GO:0016491']
tmp_001025	['GO:1901565', 'GO:0019239', 'GO:0005829']
tmp_001031	['GO:0016020']
tmp_001034	['GO:0006364', 'GO:0008168']
tmp_001035	['GO:0003989', 'GO:0006633', 'GO:0009317']
tmp_001039	['GO:0016491']
tmp_001040	['GO:0042158', 'GO:0008961', 'GO:0005886']
tmp_001041	['GO:0003723', 'GO:0001522', 'GO:0009451', 'GO:0009982']
tmp_001042	['GO:0009245', 'GO:0016740', 'GO:0005886']
tmp_001044	['GO:0005737']
tmp_001045	['GO:0005829', 'GO:0005524', 'GO:0006426', 'GO:0005737', 'GO:0004820', 'GO:0000166']
tmp_001046	['GO:0005829', 'GO:0006072', 'GO:0005975', 'GO:0051287', 'GO:0047952', 'GO:0016616', 'GO:0046168']
tmp_001049	['GO:0003723', 'GO:0004518']
tmp_001051	['GO:0005886', 'GO:0008324', 'GO:0022857', 'GO:0042910', 'GO:0055085', 'GO:0006812', 'GO:0016020']
tmp_001052	['GO:0030288', 'GO:0046914', 'GO:0030313']
tmp_001053	['GO:0055085', 'GO:0015562']
tmp_001054	['GO:0005829', 'GO:0005524', 'GO:0006426', 'GO:0005737', 'GO:0004820', 'GO:0000166']
tmp_001056	['GO:0005829', 'GO:0006007', 'GO:0004619', 'GO:0044262', 'GO:0030145', 'GO:0005737', 'GO:0046537', 'GO:0046872', 'GO:0003824']
tmp_001057	['GO:0006450']
tmp_001058	['GO:0004015', 'GO:0030170', 'GO:0009102', 'GO:0008483']
tmp_001059	['GO:0003755']
tmp_001060	['GO:0032153', 'GO:0005515', 'GO:0009898', 'GO:0051301']
tmp_001061	['GO:0032153', 'GO:0005525', 'GO:0051301', 'GO:0005737', 'GO:0003924']
tmp_001063	['GO:0055085', 'GO:0016020', 'GO:0008381']
tmp_001075	['GO:0006527', 'GO:0008792', 'GO:0033388', 'GO:0008295', 'GO:0003824']
tmp_001076	['GO:0016757']
tmp_001078	['GO:0016765', 'GO:0002098']
tmp_001080	['GO:0004825', 'GO:0006431', 'GO:0006418', 'GO:0005524', 'GO:0000166', 'GO:0000049', 'GO:0004812']
tmp_001081	['GO:0008610']
tmp_001082	['GO:0055085', 'GO:0016020']
tmp_001087	['GO:0009279']
tmp_001088	['GO:0005829', 'GO:0006164', 'GO:0005524', 'GO:0006177', 'GO:0003922', 'GO:0003921']
tmp_001093	['GO:0005829', 'GO:0055130', 'GO:0016787', 'GO:0043530', 'GO:0005737', 'GO:0003824']
tmp_001094	['GO:0043039', 'GO:0005524', 'GO:0004826', 'GO:0006432', 'GO:0005737', 'GO:0000166', 'GO:0000049', 'GO:0004812']
tmp_001095	['GO:0003723', 'GO:0000287', 'GO:0005524', 'GO:0006432', 'GO:0004826', 'GO:0009328', 'GO:0000049']
tmp_001096	['GO:0009073', 'GO:0009423', 'GO:0016765', 'GO:0003824', 'GO:0003866']
tmp_001097	['GO:0050992', 'GO:0019288', 'GO:0046872', 'GO:0051745']
tmp_001098	['GO:0003676', 'GO:0003723', 'GO:0022627', 'GO:0005840', 'GO:0006412', 'GO:0003729', 'GO:0003735']
tmp_001100	['GO:0016616', 'GO:0006564', 'GO:0051287', 'GO:0004617']
tmp_001101	['GO:0005829', 'GO:0005737', 'GO:0006744', 'GO:0008694', 'GO:0016831']
tmp_001102	['GO:0030170', 'GO:0005622']
tmp_001103	['GO:0009245', 'GO:0008758', 'GO:0016787']
tmp_001104	['GO:0006935', 'GO:0007165', 'GO:0000160']
tmp_001105	['GO:0000160', 'GO:0006935', 'GO:0016772', 'GO:0005737', 'GO:0000155', 'GO:0007165', 'GO:0016310', 'GO:0004673']
tmp_001106	['GO:0006935', 'GO:0007165', 'GO:0005829']
tmp_001107	['GO:0016684', 'GO:0016209', 'GO:0008379', 'GO:0016491']
tmp_001108	['GO:0006801', 'GO:0046872', 'GO:0004784']
tmp_001109	['GO:0002098']
tmp_001110	['GO:0043138', 'GO:0006260', 'GO:0003676', 'GO:0006302', 'GO:0032508', 'GO:0003678', 'GO:0003677', 'GO:0006310', 'GO:0005524', 'GO:0006270', 'GO:0006268']
tmp_001113	['GO:0042834']
tmp_001115	['GO:0071586', 'GO:0008233', 'GO:0006508', 'GO:0004222']
tmp_001116	['GO:0003676', 'GO:0018364', 'GO:0032259', 'GO:0008168', 'GO:0006479', 'GO:0008276', 'GO:0036009']
tmp_001117	['GO:0006537', 'GO:0005829', 'GO:0006520', 'GO:0016491', 'GO:0016639', 'GO:0004354']
tmp_001119	['GO:0017004', 'GO:0005886', 'GO:0020037']
tmp_001121	['GO:0004325', 'GO:0006783']
tmp_001123	['GO:0006364', 'GO:0070042', 'GO:0008168', 'GO:0070475']
tmp_001125	['GO:0006229', 'GO:0015949', 'GO:0008829']
tmp_001126	['GO:0003989', 'GO:0006633', 'GO:0009317']
tmp_001127	['GO:0016874', 'GO:0046872', 'GO:0005524']
tmp_001131	['GO:0030170', 'GO:0008483', 'GO:0000271']
tmp_001133	['GO:0009263', 'GO:0016491']
tmp_001134	['GO:0004719', 'GO:0005737', 'GO:0036211']
tmp_001135	['GO:0015920', 'GO:0016020', 'GO:0043190']
tmp_001136	['GO:0003723', 'GO:0031119', 'GO:0001522', 'GO:0009451', 'GO:0009982']
tmp_001137	['GO:0033499', 'GO:0005829', 'GO:0003978', 'GO:0006012']
tmp_001141	['GO:0005829', 'GO:0016491']
tmp_001142	['GO:0005515']
tmp_001143	['GO:0016829']
tmp_001144	['GO:0005829', 'GO:0016836', 'GO:0004456', 'GO:0003824', 'GO:0009255']
tmp_001145	['GO:0005829', 'GO:0009051', 'GO:0004345', 'GO:0050661', 'GO:0006006', 'GO:0016614']
tmp_001146	['GO:0005975', 'GO:0006098', 'GO:0017057']
tmp_001147	['GO:0004340', 'GO:0005829', 'GO:0005524', 'GO:0005536', 'GO:0051156', 'GO:0006096']
tmp_001148	['GO:0016616', 'GO:0008270', 'GO:0016491']
tmp_001150	['GO:0016757']
tmp_001153	['GO:0016903', 'GO:0016491', 'GO:0016625']
tmp_001154	['GO:0016625', 'GO:0051539']
tmp_001155	['GO:0006979', 'GO:0003824', 'GO:0016491']
tmp_001156	['GO:0030976', 'GO:0003824']
tmp_001157	['GO:0005829', 'GO:0004018', 'GO:0009152', 'GO:0044208', 'GO:0003824', 'GO:0070626']
tmp_001163	['GO:0005515']
tmp_001164	['GO:0036374', 'GO:0006751']
tmp_001165	['GO:0044780', 'GO:0005198', 'GO:0009424']
tmp_001167	['GO:0008168']
tmp_001170	['GO:0003755']
tmp_001171	['GO:0005515']
tmp_001175	['GO:0055085', 'GO:0022857', 'GO:0005887']
tmp_001176	['GO:0017038', 'GO:0005887']
tmp_001177	['GO:0045261', 'GO:0015986', 'GO:0046933']
tmp_001178	['GO:0046933', 'GO:0016887', 'GO:0045261', 'GO:0005524', 'GO:0015986', 'GO:1902600', 'GO:0046034']
tmp_001179	['GO:0046933', 'GO:0045261', 'GO:0015986']
tmp_001180	['GO:0046933', 'GO:0045261', 'GO:0005524', 'GO:0015986', 'GO:1902600', 'GO:0032559', 'GO:0046034', 'GO:0043531']
tmp_001181	['GO:0046933', 'GO:0015986']
tmp_001182	['GO:0015078', 'GO:0045263', 'GO:0015986']
tmp_001183	['GO:0015078', 'GO:0045263', 'GO:0015986', 'GO:0046961']
tmp_001184	['GO:0045881', 'GO:0005694', 'GO:0003677', 'GO:0007059']
tmp_001186	['GO:0005737', 'GO:0004077', 'GO:0036211']
tmp_001187	['GO:0005829', 'GO:0004479', 'GO:0071951', 'GO:0009058', 'GO:0003824']
tmp_001188	['GO:0016887', 'GO:0005524']
tmp_001192	['GO:0022625', 'GO:0005840', 'GO:0006412', 'GO:0003735']
tmp_001193	['GO:0008033', 'GO:0002939', 'GO:0005829', 'GO:0052906']
tmp_001194	['GO:0006364', 'GO:0043022', 'GO:0005840']
tmp_001195	['GO:0003723']
tmp_001196	['GO:0006412', 'GO:0005840', 'GO:0015935', 'GO:0003735']
tmp_001197	['GO:0016887', 'GO:0005525', 'GO:0008312', 'GO:0048500', 'GO:0003924', 'GO:0006614']
tmp_001198	['GO:0005829', 'GO:0002161', 'GO:0006418', 'GO:0005524', 'GO:0004832', 'GO:0005737', 'GO:0000166', 'GO:0006438', 'GO:0004812']
tmp_001199	['GO:0044780']
tmp_001200	['GO:0050511', 'GO:0016757', 'GO:0005975', 'GO:0030259', 'GO:0016758']
tmp_001203	['GO:0006561', 'GO:0004735', 'GO:0055129']
tmp_001205	['GO:0006364', 'GO:0004222']
tmp_001206	['GO:0010181']
tmp_001207	['GO:0005886']
tmp_001209	['GO:0045454', 'GO:0004791']
tmp_001210	['GO:0055085', 'GO:0022857']
tmp_001211	['GO:0006094', 'GO:0005829', 'GO:0048029', 'GO:0004347', 'GO:1901135', 'GO:0051156', 'GO:0097367', 'GO:0006096']
tmp_001213	['GO:0003676', 'GO:0008170', 'GO:0003677', 'GO:0032259', 'GO:0008168']
tmp_001215	['GO:0031669', 'GO:0016020', 'GO:0005887', 'GO:0009267']
tmp_001216	['GO:0005886', 'GO:0006865', 'GO:0071705', 'GO:0022857', 'GO:0043190', 'GO:0055085', 'GO:0016020']
tmp_001217	['GO:0005886', 'GO:0006865', 'GO:0071705', 'GO:0022857', 'GO:0043190', 'GO:0055085', 'GO:0016020']
tmp_001218	['GO:0015424', 'GO:0016887', 'GO:0003333', 'GO:0005524']
tmp_001219	['GO:0030288']
tmp_001221	['GO:0005355', 'GO:0005354', 'GO:0015757', 'GO:0022857', 'GO:1904659', 'GO:0055085', 'GO:0016020']
tmp_001222	['GO:0005345', 'GO:0005886', 'GO:0015205', 'GO:0016020', 'GO:0055085', 'GO:0022857']
tmp_001225	['GO:0003676', 'GO:0032259', 'GO:0008168']
tmp_001227	['GO:0006139', 'GO:0005829', 'GO:0016763', 'GO:0003824', 'GO:0009116', 'GO:0006152', 'GO:0004731']
tmp_001228	['GO:0005829', 'GO:0043094', 'GO:0000287', 'GO:0046872', 'GO:0005737', 'GO:0008973', 'GO:0009117', 'GO:0003824']
tmp_001229	['GO:1901642', 'GO:0005337', 'GO:0005886', 'GO:0005887', 'GO:0015293', 'GO:0016020']
tmp_001231	['GO:0055085', 'GO:0022857']
tmp_001232	['GO:0008033']
tmp_001233	['GO:0055085', 'GO:0015297', 'GO:0006812', 'GO:1902600', 'GO:0016020']
tmp_001234	['GO:0055085', 'GO:0015297', 'GO:0016020', 'GO:0042910']
tmp_001235	['GO:0055085', 'GO:0022857', 'GO:0005886']
tmp_001236	['GO:0004089', 'GO:0008270']
tmp_001238	['GO:0016620', 'GO:0046983', 'GO:0006520', 'GO:0008652', 'GO:0050661', 'GO:0051287', 'GO:0009097', 'GO:0009089', 'GO:0009088', 'GO:0009086', 'GO:0004073']
tmp_001239	['GO:0006427', 'GO:0005737', 'GO:0004821', 'GO:0005524']
tmp_001240	['GO:0008713', 'GO:0005829', 'GO:0009244', 'GO:0016757', 'GO:0009103']
tmp_001242	['GO:0005829', 'GO:0006414', 'GO:0005525', 'GO:0003746', 'GO:0003924', 'GO:0032790']
tmp_001243	['GO:0003723', 'GO:0022627', 'GO:0000028', 'GO:0005840', 'GO:0006412', 'GO:0003729', 'GO:0019843', 'GO:0015935', 'GO:0003735']
tmp_001244	['GO:0006412', 'GO:0005840', 'GO:0015935', 'GO:0003735']
tmp_001245	['GO:0032549', 'GO:0003677', 'GO:0003899', 'GO:0006351']
tmp_001246	['GO:0022625', 'GO:0005840', 'GO:0006412', 'GO:0003729', 'GO:0003735']
tmp_001247	['GO:0022625', 'GO:0003735', 'GO:0006412', 'GO:0015934']
tmp_001248	['GO:0003723', 'GO:0022625', 'GO:0015934', 'GO:0006412', 'GO:0003735']
tmp_001249	['GO:0003735', 'GO:0070180', 'GO:0005840', 'GO:0006412', 'GO:0015934']
tmp_001250	['GO:0032784', 'GO:0005829', 'GO:0140673', 'GO:0006354']
tmp_001251	['GO:0008320', 'GO:0006886', 'GO:0006605', 'GO:0016020', 'GO:0009306']
tmp_001253	['GO:0005840', 'GO:0006412', 'GO:0003735']
tmp_001254	['GO:0005829', 'GO:0006414', 'GO:0005525', 'GO:0003746', 'GO:0003924']
tmp_001259	['GO:0016887', 'GO:0005524', 'GO:0140359', 'GO:0034040', 'GO:0055085', 'GO:0016020']
tmp_001260	['GO:0008967', 'GO:0005829', 'GO:0006281', 'GO:0016311']
tmp_001261	['GO:0003676', 'GO:0009307', 'GO:0006298', 'GO:1904047', 'GO:0009007', 'GO:0032259', 'GO:0008168', 'GO:0043565']
tmp_001263	['GO:0005829', 'GO:0016740', 'GO:0005737', 'GO:0006535', 'GO:0009001']
tmp_001266	['GO:0015078', 'GO:0033177', 'GO:0045263', 'GO:0015986', 'GO:1902600']
tmp_001267	['GO:0003676', 'GO:0003723', 'GO:0006401', 'GO:0005829', 'GO:0000175', 'GO:0006396', 'GO:0006402', 'GO:0004654']
tmp_001269	['GO:0010033', 'GO:0043165', 'GO:0009279', 'GO:0015920', 'GO:0061024', 'GO:0019867']
tmp_001271	['GO:0004637', 'GO:0046872', 'GO:0009113', 'GO:0005524']
tmp_001272	['GO:0016887', 'GO:0005524']
tmp_001273	['GO:0002094', 'GO:0005829', 'GO:0000287', 'GO:0008834', 'GO:0016094', 'GO:0016765']
tmp_001276	['GO:0004852', 'GO:0006780', 'GO:0033014']
tmp_001277	['GO:1903425', 'GO:0005887', 'GO:1903424', 'GO:0016020']
tmp_001278	['GO:0051536', 'GO:0006779', 'GO:0004109', 'GO:0051539', 'GO:0005737', 'GO:0003824']
tmp_001279	['GO:0009055', 'GO:0020037']
tmp_001280	['GO:0016787', 'GO:0005737', 'GO:0006402', 'GO:0034353']
tmp_001281	['GO:0005829', 'GO:0008652', 'GO:0009089', 'GO:0004072', 'GO:0009090']
tmp_001284	['GO:0009396', 'GO:0005829', 'GO:0044237', 'GO:0046654', 'GO:0004156', 'GO:0042558']
tmp_001286	['GO:0016020', 'GO:0016021']
tmp_001289	['GO:0006207', 'GO:0005951', 'GO:0006526', 'GO:0006807', 'GO:0005737', 'GO:0004088', 'GO:0006541']
tmp_001293	['GO:0047429']
tmp_001294	['GO:0003676', 'GO:0005829', 'GO:0043039', 'GO:0045892', 'GO:0002161', 'GO:0005524', 'GO:0004813', 'GO:0005737', 'GO:0006419', 'GO:0000166', 'GO:0004812']
tmp_001297	['GO:0070181', 'GO:0005840', 'GO:0006412', 'GO:0003735']
tmp_001298	['GO:0006260', 'GO:0051096', 'GO:0009295', 'GO:0003697']
tmp_001299	['GO:0022627', 'GO:0005840', 'GO:0006412', 'GO:0019843', 'GO:0070181', 'GO:0015935', 'GO:0003735']
tmp_001300	['GO:0006260', 'GO:0009360', 'GO:0003887', 'GO:0003677', 'GO:0006261']
tmp_001301	['GO:0003723', 'GO:0005829', 'GO:0004540', 'GO:0000175', 'GO:0004518']
tmp_001302	['GO:0005829', 'GO:0004764', 'GO:0050661', 'GO:0009423', 'GO:0019632']
tmp_001304	['GO:0055085', 'GO:0042884', 'GO:0016020']
tmp_001305	['GO:1904680', 'GO:0015833', 'GO:0030288', 'GO:0043190', 'GO:0055085', 'GO:0042884']
tmp_001306	['GO:0005829', 'GO:0006418', 'GO:0005524', 'GO:0006436', 'GO:0000166', 'GO:0004812', 'GO:0004830']
tmp_001307	['GO:0008757']
tmp_001309	['GO:0002184', 'GO:0005737', 'GO:0043023', 'GO:0006412']
tmp_001310	['GO:0004588', 'GO:0006221', 'GO:0006222', 'GO:0019856']
tmp_001312	['GO:0036054', 'GO:0070403', 'GO:0036055', 'GO:0017136', 'GO:0005634']
tmp_001313	['GO:0030964', 'GO:0008137']
tmp_001314	['GO:0048038', 'GO:0015990', 'GO:0009060', 'GO:0045272', 'GO:0051536', 'GO:0051539', 'GO:0008137']
tmp_001315	['GO:0016651', 'GO:0008137']
tmp_001316	['GO:0048038', 'GO:0051287', 'GO:0016651']
tmp_001319	['GO:0051536', 'GO:0016491']
tmp_001320	['GO:0009060', 'GO:0045272', 'GO:0005887', 'GO:0003954', 'GO:0016020']
tmp_001321	['GO:0009060', 'GO:0016651', 'GO:0045272', 'GO:0003954', 'GO:0051539', 'GO:0016020']
tmp_001322	['GO:0008137']
tmp_001323	['GO:0030964', 'GO:0042773', 'GO:0016651']
tmp_001324	['GO:0003954', 'GO:0042773', 'GO:0015990', 'GO:0008137']
tmp_001325	['GO:0042773', 'GO:0009060', 'GO:0015990', 'GO:0045271', 'GO:0003954', 'GO:0048039', 'GO:0008137']
tmp_001326	['GO:0042773', 'GO:0008137']
tmp_001327	['GO:0005515']
tmp_001328	['GO:0005975', 'GO:0016868', 'GO:0000287', 'GO:0071704']
tmp_001330	['GO:0006568', 'GO:0005829', 'GO:0004834', 'GO:0000162']
tmp_001331	['GO:0006568', 'GO:0005737', 'GO:0004834', 'GO:0000162']
tmp_001332	['GO:0004640', 'GO:0006568', 'GO:0000162', 'GO:0004425']
tmp_001333	['GO:0016757', 'GO:0004048', 'GO:0005829', 'GO:0000162']
tmp_001334	['GO:0004049', 'GO:0005829', 'GO:0000162']
tmp_001335	['GO:0004049', 'GO:0009058', 'GO:0000162']
tmp_001336	['GO:0016757', 'GO:0005829', 'GO:0008713', 'GO:0009244']
tmp_001337	['GO:0009279']
tmp_001339	['GO:0050334', 'GO:0006772', 'GO:0005829']
tmp_001340	['GO:0034258', 'GO:0034257', 'GO:0016020']
tmp_001341	['GO:0006772', 'GO:0009229', 'GO:0004788', 'GO:0005524']
tmp_001343	['GO:0022625', 'GO:0003735', 'GO:0005840', 'GO:0006412', 'GO:0015934']
tmp_001344	['GO:0046983', 'GO:0003677', 'GO:0003899', 'GO:0006351']
tmp_001345	['GO:0003723', 'GO:0042274', 'GO:0006412', 'GO:0019843', 'GO:0015935', 'GO:0003735']
tmp_001346	['GO:0022627', 'GO:0005840', 'GO:0006412', 'GO:0003735']
tmp_001347	['GO:0003723', 'GO:0003676', 'GO:0005829', 'GO:0005840', 'GO:0006412', 'GO:0015935', 'GO:0003735']
tmp_001348	['GO:0005840', 'GO:0006412', 'GO:0003735']
tmp_001349	['GO:0003723', 'GO:0006413', 'GO:0003676', 'GO:0003743', 'GO:0005829', 'GO:0043022']
tmp_001350	['GO:0070006', 'GO:0005829', 'GO:0070084', 'GO:0006508']
tmp_001351	['GO:0006616', 'GO:0008320', 'GO:0031522', 'GO:0005048', 'GO:0015031', 'GO:0005887', 'GO:0016020']
tmp_001352	['GO:0003735', 'GO:0006412', 'GO:0015934']
tmp_001353	['GO:0003723', 'GO:0005840', 'GO:0006412', 'GO:0015935', 'GO:0003735']
tmp_001354	['GO:0022625', 'GO:0008097', 'GO:0005840', 'GO:0006412', 'GO:0003735']
tmp_001355	['GO:0022625', 'GO:0005840', 'GO:0006412', 'GO:0019843', 'GO:0002181', 'GO:0003735']
tmp_001356	['GO:0022627', 'GO:0005840', 'GO:0006412', 'GO:0003735']
tmp_001357	['GO:0015935', 'GO:0005840', 'GO:0006412', 'GO:0003735']
tmp_001358	['GO:0003723', 'GO:0022625', 'GO:0005840', 'GO:0006412', 'GO:0003735']
tmp_001359	['GO:0003723', 'GO:0005840', 'GO:0006412', 'GO:0003735']
tmp_001360	['GO:0022625', 'GO:0015934', 'GO:0070180', 'GO:0005840', 'GO:0006412', 'GO:0003735']
tmp_001361	['GO:0022627', 'GO:0005840', 'GO:0006412', 'GO:0003735']
tmp_001362	['GO:0022625', 'GO:0005840', 'GO:0006412', 'GO:0003735']
tmp_001363	['GO:0022625', 'GO:0005840', 'GO:0006412', 'GO:0019843', 'GO:0003735']
tmp_001364	['GO:0003723', 'GO:0003676', 'GO:0022627', 'GO:0006412', 'GO:0003735']
tmp_001365	['GO:0022625', 'GO:0003735', 'GO:0005840', 'GO:0006412', 'GO:0015934']
tmp_001366	['GO:0003723', 'GO:0022627', 'GO:0000028', 'GO:0005840', 'GO:0006412', 'GO:0015935', 'GO:0003735']
tmp_001367	['GO:0003723', 'GO:0022625', 'GO:0015934', 'GO:0016740', 'GO:0005840', 'GO:0006412', 'GO:0002181', 'GO:0003735']
tmp_001368	['GO:0005840', 'GO:0006412', 'GO:0003735']
tmp_001369	['GO:0005840', 'GO:0006412', 'GO:0003735']
tmp_001370	['GO:0022625', 'GO:0005840', 'GO:0006412', 'GO:0003735']
tmp_001371	['GO:0003723', 'GO:0005840', 'GO:0006412', 'GO:0015935', 'GO:0003735']
tmp_001374	['GO:0003723', 'GO:0003676', 'GO:0006298', 'GO:0032299', 'GO:0043137', 'GO:0004523']
tmp_001376	['GO:0006099', 'GO:0004333', 'GO:0006106', 'GO:0016829', 'GO:0003824', 'GO:0006108']
tmp_001378	['GO:0055085', 'GO:0015562']
tmp_001379	['GO:0030288', 'GO:0046914', 'GO:0030313']
tmp_001380	['GO:0008324', 'GO:0005886', 'GO:0042910', 'GO:0016020', 'GO:0055085', 'GO:0006812', 'GO:0022857']
tmp_001382	['GO:0016020', 'GO:1903785']
tmp_001383	['GO:0009408', 'GO:0042026', 'GO:0031072', 'GO:0006457', 'GO:0051082', 'GO:0005524', 'GO:0051085', 'GO:0005737']
tmp_001385	['GO:0016783', 'GO:0008033', 'GO:0016740', 'GO:0002143']
tmp_001387	['GO:0003824', 'GO:0009058', 'GO:0009435', 'GO:0016779']
tmp_001388	['GO:0006355', 'GO:0010045', 'GO:0003677', 'GO:0016151']
tmp_001389	['GO:0055085', 'GO:0017038', 'GO:0005887', 'GO:0016020']
tmp_001390	['GO:0055085', 'GO:0022857', 'GO:0016020', 'GO:0005887']
tmp_001391	['GO:0015891', 'GO:0098797', 'GO:0031992', 'GO:0030288', 'GO:0055085']
tmp_001393	['GO:0009446', 'GO:0004668', 'GO:0047632']
tmp_001394	['GO:0051604', 'GO:0046944', 'GO:0008270', 'GO:0016743', 'GO:0003725', 'GO:0046872']
tmp_001395	['GO:0051604', 'GO:0046892']
tmp_001397	['GO:0019673', 'GO:0008446']
tmp_001398	['GO:0000271', 'GO:0004475', 'GO:0005976', 'GO:0009058', 'GO:0009298', 'GO:0016779']
tmp_001401	['GO:0016020']
tmp_001403	['GO:0030255']
tmp_001404	['GO:0005515']
tmp_001405	['GO:0003677']
tmp_001406	['GO:0015940', 'GO:0005829', 'GO:0006523', 'GO:0004068']
tmp_001407	['GO:0016887', 'GO:0005737', 'GO:0034605', 'GO:0005524']
tmp_001408	['GO:0006508', 'GO:0030163']
tmp_001411	['GO:0005829', 'GO:0000287', 'GO:0005524', 'GO:0004141', 'GO:0009102']
tmp_001413	['GO:0006099', 'GO:0000287', 'GO:0051287', 'GO:0016616', 'GO:0004450']
tmp_001414	['GO:0006099', 'GO:0046912']
tmp_001416	['GO:0003676', 'GO:0008170', 'GO:0003677', 'GO:0005737', 'GO:0009007', 'GO:0008168', 'GO:0032259']
tmp_001417	['GO:0016787', 'GO:0003677', 'GO:0005524']
tmp_001419	['GO:0004076', 'GO:0051537', 'GO:0051536', 'GO:0009102', 'GO:0003824']
tmp_001427	['GO:0033739', 'GO:0005737', 'GO:0046857', 'GO:0008616']
tmp_001428	['GO:0090071', 'GO:0017148', 'GO:0043023']
tmp_001429	['GO:0008033', 'GO:0052381', 'GO:0006400']
tmp_001430	['GO:0016757']
tmp_001431	['GO:0016772', 'GO:0016776', 'GO:0005886', 'GO:0009244']
tmp_001432	['GO:0016772', 'GO:0016776', 'GO:0005886', 'GO:0009244']
tmp_001433	['GO:0005829', 'GO:0050660', 'GO:0071555', 'GO:0008762']
tmp_001434	['GO:0044780', 'GO:0016020', 'GO:0009306']
tmp_001435	['GO:0046933', 'GO:0016887', 'GO:0045261', 'GO:0030254', 'GO:0005524', 'GO:0009058', 'GO:0005737', 'GO:0030257']
tmp_001437	['GO:0005829', 'GO:0002161', 'GO:0006418', 'GO:0005524', 'GO:0004812', 'GO:0006428', 'GO:0000166', 'GO:0000049', 'GO:0004822']
tmp_001438	['GO:0003723']
tmp_001441	['GO:0070475', 'GO:0051536', 'GO:0008173', 'GO:0030488', 'GO:0006364', 'GO:0003824']
tmp_001442	['GO:0005975', 'GO:0097367', 'GO:1901135', 'GO:0016853']
tmp_001443	['GO:0003723', 'GO:0004521', 'GO:0006396', 'GO:0004534', 'GO:0008270', 'GO:0046872']
tmp_001444	['GO:0005829', 'GO:0031167', 'GO:0000154', 'GO:0006364', 'GO:0000179']
tmp_001447	['GO:0008864', 'GO:0006189', 'GO:0009058']
tmp_001448	['GO:0008233', 'GO:0006508']
tmp_001458	['GO:0006457', 'GO:0003755', 'GO:0000413']
tmp_001459	['GO:0003723', 'GO:0005829', 'GO:0045947', 'GO:0006109', 'GO:0006402', 'GO:0048027']
tmp_001460	['GO:0016114', 'GO:0050515', 'GO:0005524']
tmp_001461	['GO:0003723', 'GO:0005829', 'GO:0070930']
tmp_001462	['GO:0055085', 'GO:0017038', 'GO:0005887', 'GO:0016020']
tmp_001463	['GO:0055085', 'GO:0022857', 'GO:0005887']
tmp_001464	['GO:0005840', 'GO:0006412', 'GO:0003735']
tmp_001465	['GO:0004526', 'GO:0042781', 'GO:0034414', 'GO:0008033', 'GO:0000049', 'GO:0030677']
tmp_001467	['GO:0051205', 'GO:0016020', 'GO:0005887', 'GO:0032977']
tmp_001468	['GO:0003723']
tmp_001469	['GO:0005829', 'GO:0005525', 'GO:0006400', 'GO:0030488', 'GO:0005737', 'GO:0003924', 'GO:0002098', 'GO:0005515']
tmp_001477	['GO:0009279']
tmp_001479	['GO:0005737', 'GO:0005829', 'GO:0045454', 'GO:0015035']
tmp_001480	['GO:0003723', 'GO:0016866', 'GO:0001522', 'GO:0009451', 'GO:0009982']
tmp_001481	['GO:0006260', 'GO:0003824', 'GO:0008408']
tmp_001482	['GO:0004130', 'GO:0009055', 'GO:0016491', 'GO:0020037']
tmp_001487	['GO:0016887', 'GO:0005524']
tmp_001488	['GO:0005548', 'GO:0015914', 'GO:0005886', 'GO:0043190']
tmp_001490	['GO:0004084', 'GO:0009081', 'GO:0003824']
tmp_001492	['GO:0003676', 'GO:0006260', 'GO:0006139', 'GO:0008408', 'GO:0006302', 'GO:0003887', 'GO:0003677', 'GO:0006261', 'GO:0003824', 'GO:0008409']
tmp_001493	['GO:0003677']
tmp_001494	['GO:0016788', 'GO:0003677', 'GO:0008170']
tmp_001496	['GO:0005829', 'GO:0006233', 'GO:0006235', 'GO:0005524', 'GO:0006227', 'GO:0005737', 'GO:0004798']
tmp_001497	['GO:0009058', 'GO:0003824', 'GO:0015937', 'GO:0004595']
tmp_001498	['GO:0003824', 'GO:0016831']
tmp_001499	['GO:0044780']
tmp_001501	['GO:0005515']
tmp_001502	['GO:0006434', 'GO:0004828', 'GO:0006418', 'GO:0005524', 'GO:0000166', 'GO:0004812']
tmp_001503	['GO:0033388', 'GO:0006807', 'GO:0016811', 'GO:0050126']
tmp_001504	['GO:0009318', 'GO:0008855', 'GO:0006308']
tmp_001505	['GO:0006744', 'GO:0008168']
tmp_001507	['GO:0005737', 'GO:0006446']
tmp_001508	['GO:0140359', 'GO:0016020', 'GO:0005886']
tmp_001509	['GO:0140359', 'GO:0016020', 'GO:0005886']
tmp_001512	['GO:0050660']
tmp_001513	['GO:0005315', 'GO:0035435', 'GO:0016020', 'GO:0006817']
tmp_001514	['GO:0051536', 'GO:0016226', 'GO:0005506']
tmp_001515	['GO:0005515']
tmp_001516	['GO:0009396', 'GO:0008360', 'GO:0051301', 'GO:0016881', 'GO:0004326', 'GO:0005524', 'GO:0005737', 'GO:0009058']
tmp_001517	['GO:0005975', 'GO:0006098', 'GO:0005622', 'GO:0004801', 'GO:0005737']
tmp_001518	['GO:0022625', 'GO:0008097', 'GO:0005840', 'GO:0006412', 'GO:0003735']
tmp_001519	['GO:0004045']
tmp_001520	['GO:0016020', 'GO:0015920', 'GO:0043190']
tmp_001521	['GO:0003824']
tmp_001524	['GO:0005215', 'GO:0016887', 'GO:0055070', 'GO:0043682', 'GO:0005507', 'GO:0005524', 'GO:0019829', 'GO:0006812', 'GO:0000166', 'GO:0046872', 'GO:0016020']
tmp_001525	['GO:0003676', 'GO:0032259', 'GO:0008168']
tmp_001526	['GO:0003824']
tmp_001527	['GO:0015813', 'GO:0015501', 'GO:0016020']
tmp_001529	['GO:0016020', 'GO:0005886']
tmp_001530	['GO:0043772', 'GO:0008654', 'GO:0005886']
tmp_001531	['GO:0004150', 'GO:0006760']
tmp_001533	['GO:0015344', 'GO:0031230', 'GO:0044718']
tmp_001534	['GO:0001514', 'GO:0097056', 'GO:0005737', 'GO:0004125']
tmp_001535	['GO:0003676', 'GO:0003723', 'GO:0005829', 'GO:0031554', 'GO:0006353', 'GO:0003700', 'GO:0031564']
